relativeUrl;acronym;name;admin
https://www.fundsexplorer.com.br/funds/abcp11;ABCP11;FDO INV IMOB GRAND PLAZA SHOPPING;Rio Bravo
https://www.fundsexplorer.com.br/funds/afcr11;AFCR11;AF INVEST FDO INV. IMOB. - RECEBÍVEIS IMOB.;CM CAPITAL MARKETS
https://www.fundsexplorer.com.br/funds/afhi11;AFHI11;AF INVEST CRI FDO. INV. IMOB – RECEBÍVEIS IMOB.;BTG Pactual
https://www.fundsexplorer.com.br/funds/afof11;AFOF11;ALIANZA FOFII FDO. INVEST. IMOB.;BRL Trust Investimentos
https://www.fundsexplorer.com.br/funds/aiec11;AIEC11;AUTONOMY EDIFÍCIOS CORPORATIVOS FUND. INV. IMOB.;Modal
https://www.fundsexplorer.com.br/funds/almi11;ALMI11;FDO INV IMOB - FII TORRE ALMIRANTE;BTG Pactual
https://www.fundsexplorer.com.br/funds/alzr11;ALZR11;ALIANZA TRUST RENDA IMOBILIARIA FDO INV IMOB;BTG Pactual
https://www.fundsexplorer.com.br/funds/ancr11b;ANCR11B;FDO INV IMOB - FII ANCAR IC;Geração Futuro
https://www.fundsexplorer.com.br/funds/apto11;APTO11;NAVI RESIDENCIAL FUNDO DE INVESTIMENTO IMOBILIÁRIO;BRL Trust Investimentos
https://www.fundsexplorer.com.br/funds/aqll11;AQLL11;ÁQUILLA FDO INV IMOB - FII;Foco Investimentos
https://www.fundsexplorer.com.br/funds/arct11;ARCT11;RIZA ARCTIUM REAL ESTATE FUNDO DE INVESTIMENTO IMOBILIÁRIO;Vortx
https://www.fundsexplorer.com.br/funds/arfi11b;ARFI11B;ÁQUILLA RENDA FDO INV IMOB - FII;Foco Investimentos
https://www.fundsexplorer.com.br/funds/arri11;ARRI11;FUNDO DE INVESTIMENTO IMOBILIÁRIO ÁTRIO REIT RECEBÍVEIS IMOBILIÁRIOS;Oliveira Trust
https://www.fundsexplorer.com.br/funds/atcr11;ATCR11;ÁTICO RENDA FDO INV IMOB - FII;Gradual Investimentos
https://www.fundsexplorer.com.br/funds/atsa11;ATSA11;HEDGE ATRIUM SHOPPING SANTO ANDRE FDO INV IMOB;Hedge Investments
https://www.fundsexplorer.com.br/funds/atwn11;ATWN11;FDO. INV. IMOB. A–TOWN;Vortx
https://www.fundsexplorer.com.br/funds/bari11;BARI11;FDO INV IMOB BARIGUI RENDIMENTOS IMOB I FII;Oliveira Trust
https://www.fundsexplorer.com.br/funds/bbfi11b;BBFI11B;BB FDO INV IMOB PROGRESSIVO;Caixa Economica Federal
https://www.fundsexplorer.com.br/funds/bbfo11;BBFO11;BB FUNDO DE FUNDOS - FDO. INV. IMOB.;BB DTVM
https://www.fundsexplorer.com.br/funds/bbgo11;BBGO11;BB FDO DE INV DE CRÉDITO FIAGRO - IMOBILIÁRIO;BB DTVM
https://www.fundsexplorer.com.br/funds/bbim11;BBIM11;BB RECEBIVEIS IMOBILIARIOS FDO INV IMOB - FII;Banco do Brasil
https://www.fundsexplorer.com.br/funds/bbpo11;BBPO11;BB PROGRESSIVO II FDO INV IMOB - FII;Votorantim Asset
https://www.fundsexplorer.com.br/funds/bbrc11;BBRC11;BB RENDA CORPORATIVA FDO INV IMOB - FII;Votorantim Asset
https://www.fundsexplorer.com.br/funds/bbvj11;BBVJ11;FDO INV IMOB BB VOTORANTIM JHSF C JARD CONT TOWER;Votorantim Asset
https://www.fundsexplorer.com.br/funds/bcff11;BCFF11;FDO INV IMOB - FII BTG PACTUAL FUNDO DE FUNDOS;BTG Pactual
https://www.fundsexplorer.com.br/funds/bcia11;BCIA11;BRADESCO CARTEIRA IMOBILIÁRIA ATIVA - FII;Bradesco
https://www.fundsexplorer.com.br/funds/bcri11;BCRI11;BANESTES RECEBÍVEIS IMOBILIÁRIOS FDO INV IMOB FII;Banco Fator
https://www.fundsexplorer.com.br/funds/bice11;BICE11;BRIO CRÉDITO ESTRUTURADO - FDO. INVEST. IMOB.;BRL Trust Investimentos
https://www.fundsexplorer.com.br/funds/bicr11;BICR11;INTER TÍTULOS IMOB. FDO INV. IMOB.;Inter DTVM
https://www.fundsexplorer.com.br/funds/bime11;BIME11;BRIO MULTIESTRATÉGIA FUNDO DE INVESTIMENTO IMOB.;BRL Trust Investimentos
https://www.fundsexplorer.com.br/funds/blca11;BLCA11;BLUEMACAW CATUAÍ TRIPLE A FDO DE INV IMOB;BTG Pactual
https://www.fundsexplorer.com.br/funds/blcp11;BLCP11;BLUECAP RENDA LOGÍSTICA FUNDO DE INVESTIMENTO IMOBILIÁRIO -FII;BTG Pactual
https://www.fundsexplorer.com.br/funds/blmc11;BLMC11;BLUEMACAW CRÉDITO IMOBILIÁRIO - FDO. INV. IMOB.;BTG Pactual
https://www.fundsexplorer.com.br/funds/blmg11;BLMG11;BLUEMACAW LOGÍSTICA FDO. INVEST. IMOB.;Vortx
https://www.fundsexplorer.com.br/funds/blmo11;BLMO11;BLUEMACAW OFFICE FUND II - FDO. INVEST. IMOB.;BRL Trust Investimentos
https://www.fundsexplorer.com.br/funds/blmr11;BLMR11;BLUEMACAW RENDA + FOF FDO. INVEST. IMOB.;BRL Trust Investimentos
https://www.fundsexplorer.com.br/funds/bmii11;BMII11;FUNDO BRASÍLIO MACHADO DE INVESTIMENTO IMOBILIÁRIO;Rio Bravo
https://www.fundsexplorer.com.br/funds/bmlc11;BMLC11;FDO INV IMOB BM BRASCAN LAJES CORPORATIVAS - FII;BTG Pactual
https://www.fundsexplorer.com.br/funds/bmlc11b;BMLC11B;FDO INV IMOB BM BRASCAN LAJES CORPORATIVAS - FII;BTG Pactual
https://www.fundsexplorer.com.br/funds/bnfs11;BNFS11;BANRISUL NOVAS FRONTEIRAS FDO INV IMOB - FII;Oliveira Trust
https://www.fundsexplorer.com.br/funds/bpff11;BPFF11;FDO INV IMOB BRASIL PLURAL ABSOLUTO FDO DE FUNDOS;Geração Futuro
https://www.fundsexplorer.com.br/funds/bpml11;BPML11;FDO INV IMOB BTG PACTUAL SHOPPINGS;BTG Pactual
https://www.fundsexplorer.com.br/funds/brco11;BRCO11;BRESCO LOGÍSTICA - FDO INV IMOB;Oliveira Trust
https://www.fundsexplorer.com.br/funds/brcr11;BRCR11;FDO INV IMOB - FII BTG PACTUAL CORP. OFFICE FUND;BTG Pactual
https://www.fundsexplorer.com.br/funds/brev11;BREV11;BRAZIL REAL ESTATE VICTORY FUND I - FDO. INV. IMOB;-
https://www.fundsexplorer.com.br/funds/brht11b;BRHT11B;FDO INV IMOB BR HOTEIS - FII;Elite
https://www.fundsexplorer.com.br/funds/brip11;BRIP11;BRIO REAL ESTATE III FDO DE INVEST. IMOB.;BRL Trust Investimentos
https://www.fundsexplorer.com.br/funds/brla11;BRLA11;FUNDO DE INVESTIMENTO IMOBILIÁRIO BRL PROP II;BTG Pactual
https://www.fundsexplorer.com.br/funds/brol11;BROL11;BR PROPERTIES FUNDO DE INVESTIMENTO IMOBILIÁRIO;BRL Trust Investimentos
https://www.fundsexplorer.com.br/funds/btal11;BTAL11;FUNDO DE INVESTIMENTO IMOBILIÁRIO BTG PACTUAL AGRO LOGÍSTICA;BTG Pactual
https://www.fundsexplorer.com.br/funds/btcr11;BTCR11;FDO INV IMOB BTG PACTUAL CREDITO IMOBILIARIO;BTG Pactual
https://www.fundsexplorer.com.br/funds/btgm11;BTGM11;FDO INV IMOB - FII BTG PACTUAL MALLS;BTG Pactual
https://www.fundsexplorer.com.br/funds/btlg11;BTLG11;BTG PACTUAL LOGISTICA FDO INV IMOB - FII;BTG Pactual
https://www.fundsexplorer.com.br/funds/btra11;BTRA11;FDO INV IMOB BTG PACTUAL TERRAS AGRÍCOLAS;BTG Pactual
https://www.fundsexplorer.com.br/funds/btsg11;BTSG11;BTSP I FDO. INVEST. IMOB - FII;Inter DTVM
https://www.fundsexplorer.com.br/funds/btwr11;BTWR11;BTOWERS FII - FUNDO DE INVESTIMENTO IMOBILIÁRIO;BRL Trust Investimentos
https://www.fundsexplorer.com.br/funds/bvar11;BVAR11;FDO INV IMOB BRASIL VAREJO - FII;Rio Bravo
https://www.fundsexplorer.com.br/funds/bzli11;BZLI11;BRAZIL REALTY FDO INV IMOB;Foco Investimentos
https://www.fundsexplorer.com.br/funds/cacr11;CACR11;CARTESIA RECEBÍVEIS IMOBILIÁRIOS - FUNDO DE INVEST;CM CAPITAL MARKETS
https://www.fundsexplorer.com.br/funds/care11;CARE11;BRAZILIAN GRAVEYARD DEATH CARE FDO INV IMOB - FII;Oliveira Trust
https://www.fundsexplorer.com.br/funds/cbop11;CBOP11;CASTELLO BRANCO OFFICE PARK FDO INV IMOB - FII;Credit Suisse Hedging-Griffo
https://www.fundsexplorer.com.br/funds/ccrf11;CCRF11;CANVAS CRI - FUNDO DE INVESTIMENTO IMOBILIÁRIO;BTG Pactual
https://www.fundsexplorer.com.br/funds/ceoc11;CEOC11;FDO INV IMOB - FII CEO CYRELA COMMERC. PROPERTIES;BTG Pactual
https://www.fundsexplorer.com.br/funds/cjct11;CJCT11;CIDADE JARDIM CONTINENTAL TOWER FUNDO DE INVESTIMENTO IMOBILIÁRIO;Hedge Investments
https://www.fundsexplorer.com.br/funds/cnes11;CNES11;FDO INV IMOB - FII CENESP;BTG Pactual
https://www.fundsexplorer.com.br/funds/corm11;CORM11;CORE METROPOLIS FUNDO DE INVESTIMENTO IMOBILIÁRIO;BTG Pactual
https://www.fundsexplorer.com.br/funds/cpff11;CPFF11;CAPITÂNIA REIT FOF - FDO. INVEST. IMOB;Vortx
https://www.fundsexplorer.com.br/funds/cpts11;CPTS11;CAPITANIA SECURITIES II FDO INV IMOB - FII;BTG Pactual
https://www.fundsexplorer.com.br/funds/crff11;CRFF11;CAIXA RIO BRAVO FDO DE FDOS INV IMOB II;Caixa Economica Federal
https://www.fundsexplorer.com.br/funds/ctxt11;CTXT11;FDO INV IMOB CENTRO TEXTIL INTERNACIONAL;Rio Bravo
https://www.fundsexplorer.com.br/funds/cvbi11;CVBI11;FDO INV. IMOB. VBI CRI;BRL Trust Investimentos
https://www.fundsexplorer.com.br/funds/cxag11;CXAG11;FUNDO DE INVESTIMENTO IMOBILIÁRIO CAIXA AGÊNCIAS;Oliveira Trust
https://www.fundsexplorer.com.br/funds/cxce11b;CXCE11B;FUNDO DE INVESTIMENTO IMOBILIARIO CAIXA CEDAE;Caixa Economica Federal
https://www.fundsexplorer.com.br/funds/cxci11;CXCI11;FDO INV IMOB CAIXA CARTEIRA IMOBILIÁRIA;Caixa Economica Federal
https://www.fundsexplorer.com.br/funds/cxco11;CXCO11;FUNDO DE INVESTIMENTO IMOBILIÁRIO CAIXA IMÓVEIS CORPORATIVOS;Vortx
https://www.fundsexplorer.com.br/funds/cxri11;CXRI11;CAIXA RIO BRAVO FUNDO DE FDO INV IMOB - FII;Caixa Economica Federal
https://www.fundsexplorer.com.br/funds/cxtl11;CXTL11;FDO INV IMOB CAIXA TRX LOGÍSTICA RENDA;Caixa Economica Federal
https://www.fundsexplorer.com.br/funds/cycr11;CYCR11;CYRELA CRÉDITO - FUNDO DE INVESTIMENTO IMOBILIÁRIO;Genial
https://www.fundsexplorer.com.br/funds/deva11;DEVA11;DEVANT RECEBÍVEIS IMOBILIÁRIOS FDO. INVEST. IMOB.;Vortx
https://www.fundsexplorer.com.br/funds/dmac11;DMAC11;MAC FDO INV IMOB;Oliveira Trust
https://www.fundsexplorer.com.br/funds/domc11;DOMC11;REAG RENDA IMOBILIARIA FDO INV IMOB - FII;Caixa Economica Federal
https://www.fundsexplorer.com.br/funds/dovl11b;DOVL11B;DOVEL FDO INV IMOB;BNYMELLON
https://www.fundsexplorer.com.br/funds/drit11b;DRIT11B;MULTIGESTÃO RENDA COMERCIAL FDO INV IMOB - FII;Rio Bravo
https://www.fundsexplorer.com.br/funds/dvff11;DVFF11;FDO. INVEST. IMOB. DEVANT FOF IMOBILIÁRIOS;Daycoval
https://www.fundsexplorer.com.br/funds/edfo11b;EDFO11B;FDO INV IMOB EDIFÍCIO OURINVEST;Oliveira Trust
https://www.fundsexplorer.com.br/funds/edga11;EDGA11;FDO INV IMOB - FII EDIFÍCIO GALERIA;BTG Pactual
https://www.fundsexplorer.com.br/funds/egyr11;EGYR11;ENERGY RESORT FDO. INVEST. IMOB.;-
https://www.fundsexplorer.com.br/funds/eldo11b;ELDO11B;FDO INV IMOB - FII ELDORADO;Rio Bravo
https://www.fundsexplorer.com.br/funds/eqia11;EQIA11;NCH EQI RECEBÍVEIS DO AGRONEGÓCIO FIAGRO IMOB;BTG Pactual
https://www.fundsexplorer.com.br/funds/eqin11;EQIN11;FUNDO DE INVESTIMENTO IMOBILIÁRIO - FII NCH BRASIL RECEBÍVEIS IMOBILIÁRIOS;BTG Pactual
https://www.fundsexplorer.com.br/funds/eqir11;EQIR11;EQI RECEBÍVEIS IMOBILIÁRIOS FUNDO DE INVESTIMENTO FII;BTG Pactual
https://www.fundsexplorer.com.br/funds/ercr11;ERCR11;ESTOQUE RESIDENCIAL E COMERCIAL RJ FDO INV IMOB;Oliveira Trust
https://www.fundsexplorer.com.br/funds/erpa11;ERPA11;EUROPA 105 - FDO INV IMOB;Oliveira Trust
https://www.fundsexplorer.com.br/funds/euro11;EURO11;FDO INV IMOB EUROPAR;Coinvalores
https://www.fundsexplorer.com.br/funds/evbi11;EVBI11;VBI CONSUMO ESSEN FDO. INVEST. IMOB.;BRL Trust Investimentos
https://www.fundsexplorer.com.br/funds/faed11;FAED11;FDO INV IMOB - FII ANHANGUERA EDUCACIONAL;BTG Pactual
https://www.fundsexplorer.com.br/funds/famb11b;FAMB11B;FDO INV IMOB - FII EDIFÍCIO ALMIRANTE BARROSO;BTG Pactual
https://www.fundsexplorer.com.br/funds/fatn11;FATN11;FUNDO DE INVESTIMENTO IMOBILIÁRIO ATHENA I;BR Capital DTVM
https://www.fundsexplorer.com.br/funds/fcas11;FCAS11;FDO INV IMOB - FII EDIFÍCIO CASTELO;BTG Pactual
https://www.fundsexplorer.com.br/funds/fcfl11;FCFL11;FDO INV IMOB - FII CAMPUS FARIA LIMA;BTG Pactual
https://www.fundsexplorer.com.br/funds/fexc11;FEXC11;FDO INV IMOB - FII BTG PACTUAL FUNDO DE CRI;BTG Pactual
https://www.fundsexplorer.com.br/funds/ffci11;FFCI11;FDO INV IMOB RIO BRAVO RENDA CORPORATIVA;Rio Bravo
https://www.fundsexplorer.com.br/funds/figs11;FIGS11;FDO INV IMOB GENERAL SHOPPING ATIVO E RENDA - FII;Socopa
https://www.fundsexplorer.com.br/funds/fiib11;FIIB11;FDO INV IMOB INDUSTRIAL DO BRASIL;Coinvalores
https://www.fundsexplorer.com.br/funds/fiip11b;FIIP11B;RB CAPITAL RENDA I FDO INV IMOB - FII;Oliveira Trust
https://www.fundsexplorer.com.br/funds/finf11;FINF11;FDO INV IMOB INFRA REAL ESTATE - FII;Planner
https://www.fundsexplorer.com.br/funds/fisc11;FISC11;FDO INV IMOB SC 401;BR Capital DTVM
https://www.fundsexplorer.com.br/funds/fivn11;FIVN11;FDO INV IMOB VIDA NOVA - FII;Oliveira Trust
https://www.fundsexplorer.com.br/funds/flcr11;FLCR11;FARIA LIMA CAPITAL RECEBÍVEIS IMOBILIÁRIOS I - FUNDO DE INVESTIMENTO IMOBILIÁRIO;BRL Trust Investimentos
https://www.fundsexplorer.com.br/funds/flma11;FLMA11;FII CONTINENTAL SQUARE FARIA LIMA;Unitas
https://www.fundsexplorer.com.br/funds/flrp11;FLRP11;FDO INV IMOB - FII FLORIPA SHOPPING;BTG Pactual
https://www.fundsexplorer.com.br/funds/fmof11;FMOF11;FDO INV IMOB MEMORIAL OFFICE;Coinvalores
https://www.fundsexplorer.com.br/funds/foft11;FOFT11;CSHG TOP FOFII 2 FDO INV IMOB - FII;Credit Suisse Hedging-Griffo
https://www.fundsexplorer.com.br/funds/fpab11;FPAB11;FDO INV IMOB PROJETO ÁGUA BRANCA;Coinvalores
https://www.fundsexplorer.com.br/funds/fpng11;FPNG11;FDO INV IMOB PEDRA NEGRA RENDA IMOB;Unitas
https://www.fundsexplorer.com.br/funds/fvbi11;FVBI11;FDO INV IMOB VBI FL 4440 - FII;BTG Pactual
https://www.fundsexplorer.com.br/funds/fvpq11;FVPQ11;FDO INV IMOB VIA PARQUE SHOPPING - FII;Rio Bravo
https://www.fundsexplorer.com.br/funds/galg11;GALG11;GUARDIAN LOGISTICA FDO. INVEST. IMOB.;BRL Trust Investimentos
https://www.fundsexplorer.com.br/funds/game11;GAME11;FDO DE INVEST IMOB GUARDIAN MULTIESTRATÉGIA I;Daycoval
https://www.fundsexplorer.com.br/funds/gcff11;GCFF11;GALAPAGOS FUNDO DE FUNDOS - FII FUNDO DE INVESTIMENTO IMOBILIÁRIO;BTG Pactual
https://www.fundsexplorer.com.br/funds/gcra11;GCRA11;GALÁPAGOS RECEBÍVEIS DO AGRONEGÓCIO – FIAGRO-IMOB;Singulare
https://www.fundsexplorer.com.br/funds/gcri11;GCRI11;GALAPAGOS RECEBÍVEIS IMOBILIÁRIOS - FUNDO DE INVESTIMENTO IMOBILIÁRIO;BTG Pactual
https://www.fundsexplorer.com.br/funds/gese11b;GESE11B;FUNDO DE INVESTIMENTO IMOBILIARIO GENERAL SEVERIANO;Oliveira Trust
https://www.fundsexplorer.com.br/funds/ggrc11;GGRC11;GGR COVEPI RENDA FDO INV IMOB;CM CAPITAL MARKETS
https://www.fundsexplorer.com.br/funds/glpl11;GLPL11;GLP LOGÍSTICA FUNDO DE INVESTIMENTO IMOBILIÁRIO;Vortx
https://www.fundsexplorer.com.br/funds/grlv11;GRLV11;CSHG GR LOUVEIRA FDO DE INV IMOB - FII;Credit Suisse Hedging-Griffo
https://www.fundsexplorer.com.br/funds/gsfi11;GSFI11;GENERAL SHOP E OUTLETS DO BRASIL FDO INV IMOB - FI;Planner
https://www.fundsexplorer.com.br/funds/gtlg11;GTLG11;GTIS BRAZIL LOGISTICS FDO. INV. IMOB.;BRL Trust Investimentos
https://www.fundsexplorer.com.br/funds/gtwr11;GTWR11;FDO INV IMOB GREEN TOWERS;Votorantim Asset
https://www.fundsexplorer.com.br/funds/haaa11;HAAA11;HEDGE AAA FUNDO DE INVESTIMENTO IMOBILIÁRIO;Hedge Investments
https://www.fundsexplorer.com.br/funds/habt11;HABT11;HABITAT II - FDO INT IMOB;Vortx
https://www.fundsexplorer.com.br/funds/hbrh11;HBRH11;FUNDO DE INVESTIMENTO IMOBILIÁRIO MULTI RENDA URBANA;BRL Trust Investimentos
https://www.fundsexplorer.com.br/funds/hbtt11;HBTT11;FDO INV IMOB HABITAT I;Vortx
https://www.fundsexplorer.com.br/funds/hchg11;HCHG11;HECTARE RECEBÍVEIS HIGH GRADE FDO. INV. IMOB.;Vortx
https://www.fundsexplorer.com.br/funds/hcri11;HCRI11;FDO INV IMOB - FII HOSPITAL DA CRIANÇA;BTG Pactual
https://www.fundsexplorer.com.br/funds/hcst11;HCST11;HECTARE DESENV. STUDENT HOUSING – FDO. INV. IMOB.;Vortx
https://www.fundsexplorer.com.br/funds/hctr11;HCTR11;HECTARE CE - FDO INV IMOB;Vortx
https://www.fundsexplorer.com.br/funds/hfof11;HFOF11;HEDGE TOP FOFII 3 FDO INV IMOB;Hedge Investments
https://www.fundsexplorer.com.br/funds/hgbs11;HGBS11;HEDGE BRASIL SHOPPING FDO INV IMOB;Hedge Investments
https://www.fundsexplorer.com.br/funds/hgcr11;HGCR11;CSHG RECEBÍVEIS IMOBILIÁRIOS FDO INV IMOB - FII;Credit Suisse Hedging-Griffo
https://www.fundsexplorer.com.br/funds/hgff11;HGFF11;CSHG IMOB. FOF - FDO INV. IMOB. - FII;Credit Suisse Hedging-Griffo
https://www.fundsexplorer.com.br/funds/hgic11;HGIC11;HGI CRÉDITOS IMOBILIÁRIOS FDO. INV. IMOB.;Vortx
https://www.fundsexplorer.com.br/funds/hglg11;HGLG11;CSHG LOGÍSTICA FDO INV IMOB - FII;Credit Suisse Hedging-Griffo
https://www.fundsexplorer.com.br/funds/hgpo11;HGPO11;CSHG PRIME OFFICES FDO INV IMOB - FII;Credit Suisse Hedging-Griffo
https://www.fundsexplorer.com.br/funds/hgre11;HGRE11;CSHG REAL ESTATE FDO INV IMOB - FII;Credit Suisse Hedging-Griffo
https://www.fundsexplorer.com.br/funds/hgrs11;HGRS11;CSHG RESIDENCIAL FDO DE INV IMOB - FII;Credit Suisse Hedging-Griffo
https://www.fundsexplorer.com.br/funds/hgru11;HGRU11;CSHG RENDA URBANA - FDO INV IMOB - FII;Credit Suisse Hedging-Griffo
https://www.fundsexplorer.com.br/funds/hlog11;HLOG11;HEDGE LOGÍSTICA FDO. INV. IMOB.;Hedge Investments
https://www.fundsexplorer.com.br/funds/hmoc11;HMOC11;HEDGE SHOPPING PRAÇA DA MOÇA FDO INV IMOB;Hedge Investments
https://www.fundsexplorer.com.br/funds/hosi11;HOSI11;FDO. INV. IMOB. HOUSI;Vortx
https://www.fundsexplorer.com.br/funds/hpdp11;HPDP11;HEDGE SHOPPING PARQUE DOM PEDRO FUNDO DE INVESTIMENTO IMOBILIÁRIO;Hedge Investments
https://www.fundsexplorer.com.br/funds/hrdf11;HRDF11;HEDGE REALTY DEVELOPMENT FDO INV IMOB;Hedge Investments
https://www.fundsexplorer.com.br/funds/hrec11;HREC11;HEDGE RECEBÍVEIS FDO. INVEST. IMOB.;Hedge Investments
https://www.fundsexplorer.com.br/funds/hsaf11;HSAF11;HSI ATIVOS FINANCEIROS - FUNDO DE INVESTIMENTO IMOBILIÁRIO;BRL Trust Investimentos
https://www.fundsexplorer.com.br/funds/hslg11;HSLG11;HSI LOGÍSTICA FUNDO DE INVESTIMENTO IMOBILIÁRIO;BRL Trust Investimentos
https://www.fundsexplorer.com.br/funds/hsml11;HSML11;HSI MALLS FUNDO DE INVESTIMENTO IMOBILIÁRIO;Santander Securities
https://www.fundsexplorer.com.br/funds/hsre11;HSRE11;HSI RENDA IMOB FDO INV IMOB;BRL Trust Investimentos
https://www.fundsexplorer.com.br/funds/htmx11;HTMX11;FDO INV IMOB - FII HOTEL MAXINVEST;BTG Pactual
https://www.fundsexplorer.com.br/funds/husc11;HUSC11;FDO INV IMOB HOSPITAL UNIMED SUL CAPIXABA;Rio Bravo
https://www.fundsexplorer.com.br/funds/husi11;HUSI11;HUSI FDO INV. IMOB.;Planner
https://www.fundsexplorer.com.br/funds/ibcr11;IBCR11;FDO DE INV IMOBILIÁRIO DE CRI INTEGRAL BREI;BTG Pactual
https://www.fundsexplorer.com.br/funds/ibff11;IBFF11;FDO INV. IMOB. FOF INTEGRAL BREI;BTG Pactual
https://www.fundsexplorer.com.br/funds/idfi11;IDFI11;FDO INV IMOBILIÁRIO DE UNIDADES AUTÔNOMAS;Planner
https://www.fundsexplorer.com.br/funds/ifid11;IFID11;IFI-D FUNDO DE INVESTIMENTO IMOBILIARIO - FII;Inter DTVM
https://www.fundsexplorer.com.br/funds/ifie11;IFIE11;IFI-E FUNDO DE INVESTIMENTO IMOBILIARIO - FII;-
https://www.fundsexplorer.com.br/funds/irdm11;IRDM11;FII IRIDIUM RECEBÍVEIS IMOBILIÁRIOS;BTG Pactual
https://www.fundsexplorer.com.br/funds/irim11;IRIM11;IRIDIUM FUNDO DE INVESTIMENTO IMOBILIÁRIO;BTG Pactual
https://www.fundsexplorer.com.br/funds/itip11;ITIP11;IFI-D FUNDO DE INVESTIMENTO IMOBILIARIO - FII;Inter DTVM
https://www.fundsexplorer.com.br/funds/itit11;ITIT11;IFI-E FUNDO DE INVESTIMENTO IMOBILIARIO - FII;-
https://www.fundsexplorer.com.br/funds/jfll11;JFLL11;JFL LIVING FDO. INV. IMOB.;Brasil Plural
https://www.fundsexplorer.com.br/funds/jgpx11;JGPX11;FDO INV CADEIAS PROD AGROIND JGP CRED FIAGRO IMOB;Daycoval
https://www.fundsexplorer.com.br/funds/jppa11;JPPA11;JPP ALLOCATON MOGNO FUNDO DE INVESTIMENTO IMOBILIÁRIO;Vortx
https://www.fundsexplorer.com.br/funds/jrdm11;JRDM11;FII SHOPPING JARDIM SUL;BTG Pactual
https://www.fundsexplorer.com.br/funds/jsaf11;JSAF11;JS ATIVOS FINANCEIROS FUNDO DE INVESTIMENTO IMOBILIÁRIO;Safra Asset Management
https://www.fundsexplorer.com.br/funds/jsre11;JSRE11;JS REAL ESTATE MULTIGESTÃO - FII;Safra Asset Management
https://www.fundsexplorer.com.br/funds/keve11;KEVE11;EVEN II KINEA FUNDO DE INVESTIMENTO IMOBILIÁRIO;Intrag DTVM
https://www.fundsexplorer.com.br/funds/kfof11;KFOF11;FUNDO DE FDO INV IMOB KINEA FII;Intrag DTVM
https://www.fundsexplorer.com.br/funds/kinp11;KINP11;EVEN PERMUTA KINEA FII - FDO INV IMOB;Intrag DTVM
https://www.fundsexplorer.com.br/funds/kisu11;KISU11;KILIMA FIC FDO. IMOB. SUNO 30;Vortx
https://www.fundsexplorer.com.br/funds/knca11;KNCA11;KINEA CRÉDITO AGRO FIAGRO-IMOBILIÁRIO;Intrag DTVM
https://www.fundsexplorer.com.br/funds/kncr11;KNCR11;KINEA RENDIMENTOS IMOBILIÁRIOS FDO INV IMOB - FII;Intrag DTVM
https://www.fundsexplorer.com.br/funds/knhy11;KNHY11;KINEA HIGH YIELD CRI FDO INV IMOB - FII;Intrag DTVM
https://www.fundsexplorer.com.br/funds/knip11;KNIP11;KINEA ÍNDICES DE PREÇOS FDO INV IMOB - FII;Intrag DTVM
https://www.fundsexplorer.com.br/funds/knre11;KNRE11;KINEA II REAL ESTATE EQUITY FDO INV IMOB;Intrag DTVM
https://www.fundsexplorer.com.br/funds/knri11;KNRI11;KINEA RENDA IMOBILIÁRIA FDO INV IMOB - FII;Intrag DTVM
https://www.fundsexplorer.com.br/funds/knsc11;KNSC11;KINEA SECURITIES FDO. DE INV. IMOB. - FII;Intrag DTVM
https://www.fundsexplorer.com.br/funds/lasc11;LASC11;LEGATUS SHOPPINGS FDO. INV. IMOB. - FII;Vortx
https://www.fundsexplorer.com.br/funds/lftt11;LFTT11;LOFT II FUNDO DE INVESTIMENTO IMOBILIÁRIO;Modal
https://www.fundsexplorer.com.br/funds/lgcp11;LGCP11;LOGCP INTER FDO INV IMOB;Inter DTVM
https://www.fundsexplorer.com.br/funds/lugg11;LUGG11;LUGGO FDO. INV. IMOB.;Inter DTVM
https://www.fundsexplorer.com.br/funds/lvbi11;LVBI11;FDO INV IMOB - VBI LOGÍSTICO;BTG Pactual
https://www.fundsexplorer.com.br/funds/mall11;MALL11;MALLS BRASIL PLURAL FDO INV IMOB;Geração Futuro
https://www.fundsexplorer.com.br/funds/matv11;MATV11;MORE GESTÃO ATIVA DE RECEBÍVEIS FDO DE INV IMOB;BTG Pactual
https://www.fundsexplorer.com.br/funds/maxr11;MAXR11;FDO INV IMOB - FII MAX RETAIL;BTG Pactual
https://www.fundsexplorer.com.br/funds/mbrf11;MBRF11;FDO INV IMOB MERCANTIL DO BRASIL - FII;Rio Bravo
https://www.fundsexplorer.com.br/funds/mcci11;MCCI11;FUNDO DE INVESTIMENTO IMOBILIÁRIO MAUÁ CAPITAL RECEBÍVEIS IMOBILIÁRIOS - FII;BTG Pactual
https://www.fundsexplorer.com.br/funds/mcff11;MCFF11;MAUÁ CAPITAL FOF – FDO. INVEST. IMOB.;BTG Pactual
https://www.fundsexplorer.com.br/funds/mchf11;MCHF11;MAUÁ CAPITAL HEDGE FUND FUNDO DE INVESTIMENTO IMOBILIÁRIO;BTG Pactual
https://www.fundsexplorer.com.br/funds/mchy11;MCHY11;FDO DE INV IMOB MAUÁ CAPITAL HIGH YIELD - FII;BTG Pactual
https://www.fundsexplorer.com.br/funds/mfai11;MFAI11;MERITO FDO. AÇÕES IMOB. FII - FDO INV. IMOB.;Planner
https://www.fundsexplorer.com.br/funds/mfii11;MFII11;MÉRITO DESENVOLVIMENTO IMOBILIÁRIO I - FII;Planner
https://www.fundsexplorer.com.br/funds/mfvi11;MFVI11;FDO INV IMOB MV9 - FII;BTG Pactual
https://www.fundsexplorer.com.br/funds/mgcr11;MGCR11;FDO. INVEST. IMOB. MOGNO CRI HIGH GRADE;BTG Pactual
https://www.fundsexplorer.com.br/funds/mgff11;MGFF11;FUNDO DE INVESTIMENTO IMOBILIARIO MOGNO FUNDO DE FUNDOS;BTG Pactual
https://www.fundsexplorer.com.br/funds/mght11;MGHT11;FDO. INV. IMOB. MOGNO HOTEIS;BTG Pactual
https://www.fundsexplorer.com.br/funds/mglg11;MGLG11;MOGNO SUNO LOGISTICA FUNDO DE INVESTIMENTO IMOBILIARIO;BRL Trust Investimentos
https://www.fundsexplorer.com.br/funds/mint11;MINT11;FUNDO DE INVESTIMENTO IMOBILIÁRIO MINT EDUCACIONAL;Brasil Plural
https://www.fundsexplorer.com.br/funds/moff11;MOFF11;MULTIOFFICES 2 - FDO. INV. IMOB.;Oliveira Trust
https://www.fundsexplorer.com.br/funds/morc11;MORC11;MORE RECEBÍVEIS IMOBILIÁRIOS FII FUNDO DE INVESTIMENTO IMOBILIÁRIO;BTG Pactual
https://www.fundsexplorer.com.br/funds/more11;MORE11;MORE REAL ESTATE FOF FII FDO. INV. IMOB.;BTG Pactual
https://www.fundsexplorer.com.br/funds/mtof11;MTOF11;MULTIOFFICES 1 – FDO. INV. IMOB;Oliveira Trust
https://www.fundsexplorer.com.br/funds/mxrf11;MXRF11;MAXI RENDA FDO INV IMOB - FII;XP Investimentos
https://www.fundsexplorer.com.br/funds/navt11;NAVT11;NAVI IMOBILIÁRIO TOTAL RETURN FDO. INVEST. IMOB.;BTG Pactual
https://www.fundsexplorer.com.br/funds/nchb11;NCHB11;FUNDO DE INVESTIMENTO IMOBILIÁRIO - FII NCH BRASIL RECEBÍVEIS IMOBILIÁRIOS;BTG Pactual
https://www.fundsexplorer.com.br/funds/newl11;NEWL11;NEWPORT LOGÍSTICA FDO INV. IMOB.;Brasil Plural
https://www.fundsexplorer.com.br/funds/newu11;NEWU11;NEWPORT RENDA URBANA FDO INV IMOB;Brasil Plural
https://www.fundsexplorer.com.br/funds/nslu11;NSLU11;FDO INV IMOB - FII HOSPITAL NOSSA SRA DE LOURDES;BTG Pactual
https://www.fundsexplorer.com.br/funds/nvho11;NVHO11;FDO INV IMOB - FII NOVO HORIZONTE;Geração Futuro
https://www.fundsexplorer.com.br/funds/nvif11b;NVIF11B;NOVA I - FDO INV IMOB - FII;BRL Trust Investimentos
https://www.fundsexplorer.com.br/funds/onef11;ONEF11;FDO INV IMOB THE ONE;Rio Bravo
https://www.fundsexplorer.com.br/funds/orpd11;ORPD11;OURO PRETO DESENV IMOB I FDO INV IMOB - FII;Planner
https://www.fundsexplorer.com.br/funds/ouff11;OUFF11;FDO INV IMOB - OURINVEST FUNDO DE FUNDOS;Ourinvest
https://www.fundsexplorer.com.br/funds/oujp11;OUJP11;OURINVEST JPP FDO INV IMOB - FII;JPP Capital Gestão de Recursos Ltda
https://www.fundsexplorer.com.br/funds/oulg11;OULG11;FDO INV IMOB OURINVEST LOGÍSTICA;Ourinvest
https://www.fundsexplorer.com.br/funds/oure11;OURE11;FUNDO DE INVESTIMENTO IMOBILIÁRIO OURINVEST RENDA ESTRUTURADA;Ourinvest
https://www.fundsexplorer.com.br/funds/paby11;PABY11;FDO INV IMOB PANAMBY;BRKB
https://www.fundsexplorer.com.br/funds/patc11;PATC11;PÁTRIA EDIFÍCIOS CORPORATIVOS FDO INV IMOB - FII;Modal
https://www.fundsexplorer.com.br/funds/patl11;PATL11;PÁTRIA LOGÍSTICA FUNDO DE INVESTIMENTO IMOBILIÁRIO;Vortx
https://www.fundsexplorer.com.br/funds/plcr11;PLCR11;FDO INV. IMOB. PLURAL RECEBIVEIS;Brasil Plural
https://www.fundsexplorer.com.br/funds/plog11;PLOG11;PLURAL LOGÍSTICA FDO. INV. IMOB.;Brasil Plural
https://www.fundsexplorer.com.br/funds/plri11;PLRI11;POLO FDO INV IMOB - FII RECEBÍVEIS IMOBILIÁRIOS I;Oliveira Trust
https://www.fundsexplorer.com.br/funds/pord11;PORD11;POLO FDO INV IMOB - RECEBÍVEIS IMOB II - FII;Oliveira Trust
https://www.fundsexplorer.com.br/funds/pqag11;PQAG11;PARQUE ANHANGUERA FDO. INVEST. IMOB.;RB CAPITAL ASSET MANAGEMENT LTDA
https://www.fundsexplorer.com.br/funds/pqdp11;PQDP11;FDO INV IMOB - FII PARQUE D. PEDRO SHOPPING CENTER;BTG Pactual
https://www.fundsexplorer.com.br/funds/prsv11;PRSV11;FDO INV IMOB - FII PRESIDENTE VARGAS;Bradesco
https://www.fundsexplorer.com.br/funds/prts11;PRTS11;MULTI PROPERTIES FDO INV IMOB - FII;Modal
https://www.fundsexplorer.com.br/funds/pvbi11;PVBI11;FUNDO DE INVESTIMENTO IMOBILIÁRIO - VBI PRIME PROPERTIES;BTG Pactual
https://www.fundsexplorer.com.br/funds/qagr11;QAGR11;QUASAR AGRO - FDO INV. IMOB.;BTG Pactual
https://www.fundsexplorer.com.br/funds/qami11;QAMI11;QUASAR CRÉDITO IMOBILIÁRIO FDO. INV. IMOB.;Brasil Plural
https://www.fundsexplorer.com.br/funds/qiff11;QIFF11;QUATÁ IMOB FUNDO DE FUNDOS - FUNDO DE INVESTIMENTO IMOBILIÁRIO;BRL Trust Investimentos
https://www.fundsexplorer.com.br/funds/qiri11;QIRI11;QUATÁ IMOB RECEBÍVEIS IMOBILIÁRIOS - FUNDO DE INVESTIMENTO IMOBILIÁRIO;BRL Trust Investimentos
https://www.fundsexplorer.com.br/funds/qmff11;QMFF11;QUATÁ MONETAI FUNDO DE FUNDOS - FUNDO DE INVESTIMENTO IMOBILIÁRIO;BRL Trust Investimentos
https://www.fundsexplorer.com.br/funds/rbbv11;RBBV11;JHSF RIO BRAVO FAZENDA BOA VISTA CAP. PROT. - FII;Caixa Economica Federal
https://www.fundsexplorer.com.br/funds/rbcb11;RBCB11;RIO BRAVO CRÉDITO IMOBILIÁRIO I FDO INV IMOB;Rio Bravo
https://www.fundsexplorer.com.br/funds/rbco11;RBCO11;RB CAPITAL OFFICE INCOME FDO INV. IMOB.;BRL Trust Investimentos
https://www.fundsexplorer.com.br/funds/rbds11;RBDS11;RB CAPITAL DESENV. RESID. II FDO INV IMOB - FII;CitiBanbk
https://www.fundsexplorer.com.br/funds/rbed11;RBED11;FUNDO DE INVESTIMENTO IMOBILIÁRIO RIO BRAVO RENDA EDUCACIONAL;Rio Bravo
https://www.fundsexplorer.com.br/funds/rbff11;RBFF11;RIO BRAVO IFIX FDO INV IMOB;BRL Trust Investimentos
https://www.fundsexplorer.com.br/funds/rbgs11;RBGS11;RB CAPITAL GENERAL SHOP SULACAP FDO INV IMOB - FII;Oliveira Trust
https://www.fundsexplorer.com.br/funds/rbhg11;RBHG11;RIO BRAVO CRÉDITO IMOBILIÁRIO HIGH GRADE FUNDO DE INVESTIMENTO IMOBILIÁRIO – FII;Rio Bravo
https://www.fundsexplorer.com.br/funds/rbhy11;RBHY11;RIO BRAVO CRÉDITO IMOB. HIGH YIELD FDO. INV. IMOB.;BRL Trust Investimentos
https://www.fundsexplorer.com.br/funds/rbir11;RBIR11;RB CAPITAL DESENVOLVIMENTO RESIDENCIAL IV FUNDO DE INVESTIMENTO IMOBILIÁRIO - FII;Oliveira Trust
https://www.fundsexplorer.com.br/funds/rbiv11;RBIV11;RIO BRAVO CRÉDITO IMOB IV FDO INV IMOB - FII;Rio Bravo
https://www.fundsexplorer.com.br/funds/rblg11;RBLG11;RB CAPITAL LOGÍSTICO FUNDO DE INVESTIMENTO IMOBILIÁRIO - FII;BTG Pactual
https://www.fundsexplorer.com.br/funds/rbrd11;RBRD11;RB CAPITAL RENDA II FDO INV IMOB - FII;Votorantim Asset
https://www.fundsexplorer.com.br/funds/rbrf11;RBRF11;RBR ALPHA MULTIESTRATÉGIA REAL ESTATE FDO INV IMOB;BTG Pactual
https://www.fundsexplorer.com.br/funds/rbri11;RBRI11;FUNDO DE INVESTIMENTO IMOBILIÁRIO - FII RBR DESENV;BTG Pactual
https://www.fundsexplorer.com.br/funds/rbrl11;RBRL11;RBR LOG FUNDO DE INVESTIMENTO IMOBILIÁRIO;RBR Asset Management
https://www.fundsexplorer.com.br/funds/rbrp11;RBRP11;FDO INV IMOB RBR PROPERTIES - FII;BRL Trust Investimentos
https://www.fundsexplorer.com.br/funds/rbrr11;RBRR11;FDO INV IMOB - FII RBR RENDIMENTO HIGH GRADE;BTG Pactual
https://www.fundsexplorer.com.br/funds/rbrs11;RBRS11;RIO BRAVO RENDA RESIDENCIAL FDO. INVEST. IMOB.;Rio Bravo
https://www.fundsexplorer.com.br/funds/rbry11;RBRY11;FDO INV IMOB RBR PRIVATE CRÉDITO IMOB;RBR Asset Management
https://www.fundsexplorer.com.br/funds/rbts11;RBTS11;RB CAPITAL TFO SITUS FUNDO DE INVESTIMENTO IMOBILIÁRIO - FII;Oliveira Trust
https://www.fundsexplorer.com.br/funds/rbva11;RBVA11;FDO INV IMOB RIO BRAVO RENDA VAREJO - FII;Rio Bravo
https://www.fundsexplorer.com.br/funds/rbvo11;RBVO11;RIO BRAVO CRÉDITO IMOBILIÁRIO II FDO INV IMOB -FII;Rio Bravo
https://www.fundsexplorer.com.br/funds/rcfa11;RCFA11;GRUPO RCFA FDO INV IMOB;FRAM Capital
https://www.fundsexplorer.com.br/funds/rcff11;RCFF11;RBR DESENV COMERCIAL FEEDER FOF FDO INVEST IMOB;BRL Trust Investimentos
https://www.fundsexplorer.com.br/funds/rcrb11;RCRB11;FDO INV IMOB RIO BRAVO RENDA CORPORATIVA;Rio Bravo
https://www.fundsexplorer.com.br/funds/rdes11;RDES11;RENDA DE ESCRITÓRIOS FDO INV IMOB - FII;Banco do Brasil
https://www.fundsexplorer.com.br/funds/rdpd11;RDPD11;BB RENDA DE PAPEIS IMOB II FDO INV IMOB - FII;Votorantim Asset
https://www.fundsexplorer.com.br/funds/rech11;RECH11;FDO INV IMOB - REC HOTELARIA;BTG Pactual
https://www.fundsexplorer.com.br/funds/recr11;RECR11;FUNDO DE INVESTIMENTO IMOBILIÁRIO - FII REC RECEBÍVEIS IMOBILIÁRIOS;BRL Trust Investimentos
https://www.fundsexplorer.com.br/funds/rect11;RECT11;FUNDO DE INVESTIMENTO IMOBILIÁRIO - FII REC RENDA IMOBILIÁRIA;BRL Trust Investimentos
https://www.fundsexplorer.com.br/funds/recx11;RECX11;FDO. INV. IMOB. REC FUNDO DE FUNDOS;BTG Pactual
https://www.fundsexplorer.com.br/funds/relg11;RELG11;FDO INV. IMOB. REC LOGISTICA;BRL Trust Investimentos
https://www.fundsexplorer.com.br/funds/rfof11;RFOF11;FDO. INVEST. IMOB. RB CAPITAL I FUNDO DE FUNDOS;BRL Trust Investimentos
https://www.fundsexplorer.com.br/funds/rmai11;RMAI11;REAG MULTI ATIVOS IMOBILIÁRIOS - FII;Caixa Economica Federal
https://www.fundsexplorer.com.br/funds/rndp11;RNDP11;BB RENDA DE PAPÉIS IMOBILIÁRIOS FDO INV IMOB - FII;Votorantim Asset
https://www.fundsexplorer.com.br/funds/rngo11;RNGO11;FDO INV IMOB RIO NEGRO - FII;Rio Bravo
https://www.fundsexplorer.com.br/funds/rrci11;RRCI11;RB CAPITAL RECEBÍVEIS IMOB. FDO. INVEST. IMOB FII;BRL Trust Investimentos
https://www.fundsexplorer.com.br/funds/rspd11;RSPD11;RB CAPITAL DESENVOLVIMENTO RESIDENCIAL III FUNDO DE INVESTIMENTO IMOBILIÁRIO - FII;Oliveira Trust
https://www.fundsexplorer.com.br/funds/rvbi11;RVBI11;VBI REITS FOF - FDO. INV. IMOB;BRL Trust Investimentos
https://www.fundsexplorer.com.br/funds/rzag11;RZAG11;FDO INV CADEIAS PROD AGRO RIZA AGRO FIAGRO IMOB;Genial
https://www.fundsexplorer.com.br/funds/rzak11;RZAK11;RIZA AKIN FDO. INV. IMOB. FII;BTG Pactual
https://www.fundsexplorer.com.br/funds/rztr11;RZTR11;FUNDO DE INVESTIMENTO IMOBILIÁRIO RIZA TERRAX;Brasil Plural
https://www.fundsexplorer.com.br/funds/saag11;SAAG11;SANTANDER AGÊNCIAS FDO INV IMOB - FII;Rio Bravo
https://www.fundsexplorer.com.br/funds/sadi11;SADI11;SANTANDER PAPEIS IMOB CDI FDO INV IMOB;Santander Asset Manager
https://www.fundsexplorer.com.br/funds/saic11b;SAIC11B;FDO INV IMOB - FII SIA CORPORATE;BRB
https://www.fundsexplorer.com.br/funds/sare11;SARE11;SANTANDER RENDA DE ALUGUÉIS FDO. INVEST. IMOB.;Santander Asset Manager
https://www.fundsexplorer.com.br/funds/scpf11;SCPF11;FDO INV IMOB SCP;Unitas
https://www.fundsexplorer.com.br/funds/sdil11;SDIL11;SDI LOGÍSTICA RIO FDO INV IMOB - FII;Rio Bravo
https://www.fundsexplorer.com.br/funds/sdip11;SDIP11;SDI PROPERTIES - FDO INV. IMOB;BRL Trust Investimentos
https://www.fundsexplorer.com.br/funds/seqr11;SEQR11;SEQUOIA III RENDA IMOBILIÁRIA – FDO. INV. IMOB.;Vortx
https://www.fundsexplorer.com.br/funds/sfnd11;SFND11;FDO INV IMOB SÃO FERNANDO;Rio Bravo
https://www.fundsexplorer.com.br/funds/shdp11b;SHDP11B;FDO INV IMOB - FII SHOPPING PARQUE D. PEDRO;BTG Pactual
https://www.fundsexplorer.com.br/funds/shop11;SHOP11;MULTI SHOPPINGS FDO INV IMOB - FII;Modal
https://www.fundsexplorer.com.br/funds/shph11;SHPH11;FDO INV IMOB SHOPPING PÁTIO HIGIENÓPOLIS;Rio Bravo
https://www.fundsexplorer.com.br/funds/sjau11;SJAU11;SJ AU LOGÍSTICA FUNDO DE INVESTIMENTO IMOBILIÁRIO;Vortx
https://www.fundsexplorer.com.br/funds/snci11;SNCI11;SUNO RECEBÍVEIS IMOBILIÁRIOS FDO DE INV IMOB;BTG Pactual
https://www.fundsexplorer.com.br/funds/snff11;SNFF11;SUNO FUNDO DE FUNDOS DE INVESTIMENTO IMOBILIÁRIO;BTG Pactual
https://www.fundsexplorer.com.br/funds/sptw11;SPTW11;SP DOWNTOWN FDO INV IMOB - FII;Geração Futuro
https://www.fundsexplorer.com.br/funds/spvj11;SPVJ11;FUNDO DE INVESTIMENTO IMOBILIÁRIO SUCCESPAR VAREJO;Vortx
https://www.fundsexplorer.com.br/funds/srvd11;SRVD11;SERRA VERDE FUNDO DE INVESTIMENTO IMOBILIÁRIO;Rcap
https://www.fundsexplorer.com.br/funds/strx11;STRX11;STARX FDO INV IMOB - FII;Oliveira Trust
https://www.fundsexplorer.com.br/funds/tbof11;TBOF11;FDO INV IMOB - FII TB OFFICE;BTG Pactual
https://www.fundsexplorer.com.br/funds/tcin11;TCIN11;FDO. INVEST. IMOB. TOURMALET V - ED. CIDADE NOVA;Socopa
https://www.fundsexplorer.com.br/funds/teld11;TELD11;TELLUS DESENVOLVIMENTO LOGÍSTICO FDO. INVEST. IMOB;BRL Trust Investimentos
https://www.fundsexplorer.com.br/funds/tepp11;TEPP11;TELLUS PROPERTIES FUNDO DE INVESTIMENTO IMOBILIÁRIO;BRL Trust Investimentos
https://www.fundsexplorer.com.br/funds/tgar11;TGAR11;FDO INV IMOB TG ATIVO REAL;Vortx
https://www.fundsexplorer.com.br/funds/thra11;THRA11;FDO INV IMOB - FII CYRELA THERA CORPORATE;BTG Pactual
https://www.fundsexplorer.com.br/funds/tord11;TORD11;TORDESILHAS EI FDO. INV. IMOB.;Vortx
https://www.fundsexplorer.com.br/funds/trnt11;TRNT11;FDO INV IMOB - FII TORRE NORTE;BTG Pactual
https://www.fundsexplorer.com.br/funds/trxf11;TRXF11;TRX REAL ESTATE FDO. INV. IMOB. - FII;BRL Trust Investimentos
https://www.fundsexplorer.com.br/funds/trxl11;TRXL11;TRX REALTY LOGÍSTICA RENDA I FDO INV IMOB - FII;Oliveira Trust
https://www.fundsexplorer.com.br/funds/ubsr11;UBSR11;FDO INV IMOB - FII UBS (BR) RECEB IMOB;BRL Trust Investimentos
https://www.fundsexplorer.com.br/funds/urpr11;URPR11;URCA PRIME RENDA FUNDO DE INVESTIMENTO IMOBILIÁRIO;Vortx
https://www.fundsexplorer.com.br/funds/vcjr11;VCJR11;VECTIS JUROS REAL FDO INV. IMOB. - FII;Intrag DTVM
https://www.fundsexplorer.com.br/funds/vcri11;VCRI11;VINCI CREDIT SECURITIES FUNDO DE INVESTIMENTO IMOB;BRL Trust Investimentos
https://www.fundsexplorer.com.br/funds/vcrr11;VCRR11;VECTIS RENDA RESIDENCIAL FDO. INV. IMOB.;BRL Trust Investimentos
https://www.fundsexplorer.com.br/funds/vere11;VERE11;FDO INV IMOB VEREDA - FII;Votorantim Asset
https://www.fundsexplorer.com.br/funds/vghf11;VGHF11;VALORA HEDGE FUND FDO. INV. IMOB.;Daycoval
https://www.fundsexplorer.com.br/funds/vgia11;VGIA11;FIAGRO VGIA;BTG Pactual
https://www.fundsexplorer.com.br/funds/vgip11;VGIP11;VALORA CRI ÍNDICE DE PREÇO FDO INVEST. IMOB. FII;BTG Pactual
https://www.fundsexplorer.com.br/funds/vgir11;VGIR11;VALORA RE III FDO INV IMOB - FII;BTG Pactual
https://www.fundsexplorer.com.br/funds/vifi11;VIFI11;VINCI INSTRUMENTOS FINANCEIROS FDO INV IMOB - FII;BRL Trust Investimentos
https://www.fundsexplorer.com.br/funds/vilg11;VILG11;VINCI LOGÍSTICA FUNDO DE INVESTIMENTO IMOBILIÁRIO - FII;BRL Trust Investimentos
https://www.fundsexplorer.com.br/funds/vino11;VINO11;VINCI OFFICES FUNDO DE INVESTIMENTO IMOBILIÁRIO;BRL Trust Investimentos
https://www.fundsexplorer.com.br/funds/visc11;VISC11;VINCI SHOPPING CENTERS FDO INVEST IMOB - FII;BRL Trust Investimentos
https://www.fundsexplorer.com.br/funds/viur11;VIUR11;VINCI IMOVEIS URBANOS FUNDO DE INVESTIMENTO IMOBILIARIO;BRL Trust Investimentos
https://www.fundsexplorer.com.br/funds/vjfd11;VJFD11;JFDCAM FUNDO DE INVESTIMENTO IMOBILIÁRIO FII;Banco BV
https://www.fundsexplorer.com.br/funds/vlol11;VLOL11;FDO INV IMOB - FII VILA OLÍMPIA CORPORATE;Oliveira Trust
https://www.fundsexplorer.com.br/funds/vots11;VOTS11;VOTORANTIM SECURITIES MASTER FDO INV IMOB - FII;Votorantim Asset
https://www.fundsexplorer.com.br/funds/vpsi11;VPSI11;FDO INV IMOB POLO SHOPPING INDAIATUBA;Votorantim Asset
https://www.fundsexplorer.com.br/funds/vrta11;VRTA11;FATOR VERITA FDO INV IMOB - FII;Banco Fator
https://www.fundsexplorer.com.br/funds/vsho11;VSHO11;FDO INV IMOB VOTORANTIM SHOPPING;Votorantim Asset
https://www.fundsexplorer.com.br/funds/vslh11;VSLH11;VERSALHES RECEBÍVEIS IMOBILIÁRIOS - FDO. INV. IMOB;Vortx
https://www.fundsexplorer.com.br/funds/vtlt11;VTLT11;FDO INV IMOB VOTORANTIM LOGISTICA;Votorantim Asset
https://www.fundsexplorer.com.br/funds/vtpl11;VTPL11;FDO INV. IMOB. PLUS;BTG Pactual
https://www.fundsexplorer.com.br/funds/vvpr11;VVPR11;FDO INV IMOB - V2 PROPERTIES;BTG Pactual
https://www.fundsexplorer.com.br/funds/vxxv11;VXXV11;VX XII - Fundo de Investimento Imobiliário;Vortx
https://www.fundsexplorer.com.br/funds/whgr11;WHGR11;WHG REAL ESTATE FUNDO DE INVESTIMENTO IMOBILIÁRIO – FII;-
https://www.fundsexplorer.com.br/funds/wplz11;WPLZ11;FDO INV IMOB - FII SHOPPING WEST PLAZA;Hedge Investments
https://www.fundsexplorer.com.br/funds/wtsp11b;WTSP11B;FDO INV IMOB - OURINVEST RE I;Ourinvest
https://www.fundsexplorer.com.br/funds/xpca11;XPCA11;XP CRÉDITO AGRÍCOLA FDO INV FIAGRO IMOBILIÁRIO;XP Investimentos
https://www.fundsexplorer.com.br/funds/xpci11;XPCI11;XP CREDITO IMOBILIÁRIO - FDO INV IMOB;Vortx
https://www.fundsexplorer.com.br/funds/xpcm11;XPCM11;XP CORPORATE MACAÉ FDO INV IMOB - FII;Rio Bravo
https://www.fundsexplorer.com.br/funds/xpht11;XPHT11;XP HOTÉIS - FDO INV IMOB - FII;Geração Futuro
https://www.fundsexplorer.com.br/funds/xpin11;XPIN11;XP INDUSTRIAL FDO INV IMOB - FII;Vortx
https://www.fundsexplorer.com.br/funds/xplg11;XPLG11;XP LOG FDO INV IMOB - FII;XP Investimentos
https://www.fundsexplorer.com.br/funds/xpml11;XPML11;XP MALLS FDO INV IMOB FII;BTG Pactual
https://www.fundsexplorer.com.br/funds/xppr11;XPPR11;XP PROPERTIES FDO. INV. IMOB.;Vortx
https://www.fundsexplorer.com.br/funds/xpsf11;XPSF11;XP SELECTION FDO DE FUNDOS INV IMOB - FII;XP Investimentos
https://www.fundsexplorer.com.br/funds/xted11;XTED11;TRX EDIFÍCIOS CORPORATIVOS FDO INV IMOB - FII;BTG Pactual
https://www.fundsexplorer.com.br/funds/ychy11;YCHY11;YAGUARA CAPITAL HIGH YIELD FDO INV IMOB;Vortx
https://www.fundsexplorer.com.br/funds/yufi11b;YUFI11B;YUCA FDO INV. IMOB.;BRL Trust Investimentos
